{"loss":0.6157020456806014,"epoch":0,"_wandb":{"runtime":10},"_timestamp":1.7314101992006369e+09,"_runtime":10.324429497,"_step":79,"batch loss":0.32413724064826965}