{"batch loss":0.29863274097442627,"_timestamp":1.7314102220027642e+09,"_runtime":2.384010294,"_step":100,"loss":0.5756729677319526,"epoch":0,"_wandb":{"runtime":2}}