{"_wandb":{"runtime":2},"_runtime":2.608737668,"_step":250,"batch loss":0.7619484066963196,"_timestamp":1.7314102070780513e+09,"loss":1.0841051716804504,"epoch":0}