{"batch loss":2.4213693141937256,"_timestamp":1.7314102278500805e+09,"_runtime":2.4633391749999998,"_step":188,"loss":3.735302634061651,"epoch":0,"_wandb":{"runtime":2}}