{"_runtime":2.285107306,"_step":89,"batch loss":0.6815375089645386,"loss":0.5231508490409744,"epoch":0,"_wandb":{"runtime":2},"_timestamp":1.73141023293948e+09}